Hot_Inlet_Temp_C,Hot_Outlet_Temp_C,Cold_Inlet_Temp_C,Cold_Outlet_Temp_C,Hot_Mass_Flow_kg_s,Cold_Mass_Flow_kg_s,Overall_U_W_m2K,Plant_Power_Percent
310.6,291.0,213.7,266.5,15474.5,415.6,5689.0,58.4
309.2,290.3,212.1,266.5,15379.3,390.7,5582.0,55.2
319.2,291.6,219.9,272.5,15497.2,587.6,5583.0,81.8
320.8,292.4,221.8,274.3,15628.5,621.5,5671.0,85.3
308.9,291.6,211.1,264.0,15364.9,359.1,5631.0,51.6
324.6,291.7,225.3,276.5,15364.9,693.3,5611.0,96.8
308.7,291.0,211.5,265.1,15636.9,375.2,5677.0,52.6
317.3,291.2,219.4,271.9,15515.1,556.2,5601.0,77.1
320.7,291.9,221.9,274.2,15329.6,612.8,5620.0,85.5
323.3,291.5,224.0,276.5,15481.4,661.8,5699.0,93.5
321.1,292.1,222.2,275.6,15330.5,610.1,5705.0,85.7
321.5,291.2,222.6,275.5,15330.1,636.9,5705.0,90.1
313.9,291.0,215.3,269.2,15436.3,486.1,5611.0,67.0
322.8,291.8,223.9,275.5,15113.0,649.0,5686.0,90.7
309.5,290.9,212.2,265.5,15141.3,396.4,5576.0,54.0
325.5,293.0,224.8,276.8,15315.7,676.8,5577.0,94.7
318.0,291.5,218.8,271.8,15248.1,547.8,5503.0,77.4
322.2,291.5,223.3,276.5,15447.1,635.9,5703.0,90.9
316.1,291.3,217.8,271.1,15263.8,506.1,5575.0,72.6
318.7,291.1,220.2,273.4,15188.2,574.6,5611.0,82.2
317.4,291.6,218.7,270.8,15619.8,547.7,5570.0,76.3
320.8,290.9,222.5,274.4,15366.1,623.4,5650.0,86.6
309.9,291.8,212.6,266.4,15410.1,378.1,5595.0,54.1
308.8,291.1,211.5,265.0,15186.3,383.8,5547.0,53.0
312.4,291.0,214.9,268.2,15318.3,442.8,5633.0,62.4
310.6,291.1,212.5,267.0,15416.6,415.4,5538.0,58.0
324.6,292.7,224.7,276.7,15227.4,684.3,5567.0,93.6
311.8,291.2,213.9,267.0,15456.4,441.3,5502.0,61.0
326.5,292.7,226.2,277.1,15309.9,703.7,5535.0,98.8
314.5,291.3,216.0,269.3,15356.2,472.0,5614.0,66.8
311.5,291.4,214.1,266.5,15309.7,409.9,5506.0,59.1
322.4,292.1,222.8,275.5,15677.8,633.4,5529.0,89.5
320.1,291.9,221.4,273.1,15398.0,591.2,5601.0,82.9
316.0,290.3,218.5,271.2,15241.3,528.2,5573.0,74.9
317.9,291.5,219.4,272.1,15523.4,555.0,5699.0,77.8
321.4,292.4,222.0,274.5,15216.9,615.3,5690.0,86.0
312.1,291.3,214.0,267.0,15431.3,437.8,5553.0,61.4
325.2,291.5,226.4,278.8,15106.0,707.2,5623.0,99.8
325.5,291.9,226.1,277.8,15200.8,707.7,5632.0,98.7
320.6,293.0,221.1,272.8,15429.5,593.6,5563.0,82.5
312.2,291.6,213.9,267.0,15510.8,422.3,5517.0,60.0
320.2,292.0,221.8,273.9,15425.7,612.5,5590.0,84.0
309.8,292.0,212.3,265.3,15382.7,382.8,5581.0,53.6
308.4,291.1,210.8,265.2,15354.8,368.6,5567.0,51.5
311.8,290.5,215.2,267.8,15178.2,454.1,5609.0,62.9
315.9,291.0,217.6,270.7,15292.0,524.6,5548.0,73.1
324.4,293.1,224.7,276.1,15330.9,676.8,5527.0,93.4
321.0,291.3,222.5,274.9,15558.6,619.9,5589.0,86.4
321.2,291.5,221.7,274.8,15451.5,617.7,5602.0,87.1
315.5,291.3,217.5,270.1,15135.5,512.2,5522.0,71.3
315.2,292.8,216.0,268.4,15448.6,473.5,5626.0,67.3
315.5,292.4,216.3,270.0,15342.2,490.9,5490.0,68.6
326.9,293.0,226.8,277.7,15298.5,710.3,5549.0,99.4
308.6,291.0,211.1,264.5,15491.8,370.8,5563.0,52.0
323.8,292.0,224.1,276.7,15554.6,666.3,5543.0,93.4
317.7,290.8,219.9,271.9,15539.7,549.5,5546.0,78.9
316.6,292.6,217.9,269.8,15274.1,510.4,5666.0,71.9
320.5,290.9,222.1,273.6,15353.6,617.6,5529.0,86.3
316.9,292.2,218.9,271.4,15449.7,532.7,5692.0,74.3
323.2,291.8,224.7,276.4,15546.3,660.1,5591.0,93.7
323.9,292.1,224.1,278.2,15328.1,691.5,5573.0,95.0
315.2,291.0,217.2,269.8,15372.2,502.1,5591.0,71.1
312.7,291.1,214.9,267.8,15234.0,462.7,5692.0,63.8
318.4,291.1,220.3,272.4,15220.6,572.7,5515.0,79.6
324.1,291.7,224.1,277.3,15521.9,677.5,5507.0,95.6
312.2,291.9,215.1,267.0,15603.4,443.6,5524.0,60.5
318.7,291.6,220.8,273.3,15389.2,570.5,5562.0,81.1
319.5,291.6,220.8,272.8,15550.5,590.8,5473.0,81.6
321.8,292.4,222.8,274.1,15454.2,628.3,5559.0,86.7
310.1,290.9,213.8,265.3,15303.2,400.7,5642.0,56.6
320.5,291.1,222.4,273.5,15454.2,625.4,5563.0,85.8
324.2,292.2,225.4,276.9,15630.7,680.1,5540.0,95.5
311.8,291.7,213.6,266.6,15394.6,423.4,5523.0,59.0
312.4,291.4,214.4,267.3,15634.7,444.0,5597.0,61.9
325.2,291.8,225.9,278.5,15007.0,703.4,5510.0,98.6
311.5,291.3,213.3,267.3,15523.3,427.0,5642.0,59.0
322.8,291.5,223.9,276.2,15413.1,670.3,5645.0,92.7
317.2,291.9,218.0,270.5,15355.1,520.4,5560.0,74.6
312.7,291.5,214.6,267.5,15413.8,454.0,5546.0,62.4
323.5,291.7,223.8,276.3,15101.9,653.2,5597.0,93.5
315.6,291.3,217.8,270.3,15367.0,524.2,5599.0,72.3
316.8,291.7,218.8,271.2,15453.6,550.1,5502.0,75.7
314.7,291.8,216.5,269.0,15621.7,478.5,5515.0,68.0
319.3,292.7,219.9,272.5,15322.3,566.2,5474.0,79.6
310.6,290.5,214.6,266.3,15278.7,409.5,5560.0,58.2
315.3,291.8,217.5,269.8,15324.7,495.8,5571.0,69.6
324.4,290.8,225.5,278.1,15537.3,701.0,5469.0,98.5
312.4,290.6,214.9,267.5,15449.3,454.7,5513.0,62.9
319.8,291.6,220.9,274.0,15320.5,603.1,5467.0,82.8
313.4,291.4,215.5,268.4,15477.0,483.0,5488.0,66.3
321.5,291.8,222.4,274.5,15414.6,629.0,5559.0,88.7
310.0,291.0,213.0,266.2,15545.3,403.1,5494.0,56.5
325.6,291.9,225.8,277.6,15294.7,687.6,5514.0,98.5
316.1,291.4,218.3,270.8,15350.9,513.9,5447.0,72.7
311.1,290.3,214.9,266.6,15341.2,447.9,5536.0,61.8
308.3,290.2,212.5,265.8,15180.5,392.4,5524.0,53.7
310.8,290.4,213.1,266.9,15444.4,411.0,5488.0,58.5
317.6,291.6,219.1,271.0,15439.2,538.8,5514.0,76.0
312.7,290.1,216.3,268.4,15400.8,477.8,5531.0,66.9
322.7,291.9,223.6,276.6,15364.8,656.4,5480.0,91.4
315.5,290.7,217.2,270.0,15187.7,505.8,5446.0,71.5
313.2,292.0,215.3,267.4,15336.9,449.1,5609.0,62.4
318.9,291.6,220.6,272.1,15348.6,574.3,5486.0,80.9
320.9,292.3,222.1,274.1,15279.7,610.0,5511.0,85.3
311.1,291.6,213.1,266.5,15375.8,420.4,5566.0,58.4
310.0,290.4,212.9,266.9,15460.6,417.5,5690.0,58.4
309.0,291.3,211.1,264.2,15682.9,368.3,5450.0,51.8
321.4,291.4,222.3,274.0,15426.2,619.8,5534.0,86.8
320.2,292.0,220.8,273.8,15438.6,594.1,5475.0,83.2
318.5,293.9,218.2,271.3,15388.8,524.5,5482.0,73.7
322.2,291.4,223.4,275.6,15112.2,656.9,5472.0,92.2
323.4,293.1,223.0,276.1,15396.0,660.0,5450.0,90.3
318.4,291.7,220.2,272.5,15409.0,571.2,5503.0,79.3
323.8,292.3,224.7,277.0,15769.5,665.1,5431.0,93.4
311.7,291.1,213.8,267.1,15371.1,435.3,5550.0,60.3
309.8,291.0,212.1,264.8,15445.2,395.7,5505.0,55.6
312.6,291.6,214.6,268.0,15394.8,461.4,5522.0,63.5
309.2,291.0,211.5,265.4,15224.7,379.9,5476.0,52.9
316.8,291.4,219.4,271.4,15571.4,546.6,5480.0,76.6
325.2,292.4,225.9,277.3,15512.8,696.7,5511.0,96.8
308.5,291.3,211.2,264.7,15518.7,363.4,5438.0,52.0
309.6,290.2,212.2,264.8,15263.6,394.8,5477.0,56.1
315.9,291.5,218.0,271.3,15610.4,510.5,5450.0,72.6
325.4,292.5,225.1,277.1,15189.7,692.7,5448.0,96.7
313.4,290.8,215.5,268.9,15488.0,481.9,5386.0,65.8
317.3,291.9,219.3,271.4,15728.6,555.7,5557.0,75.4
308.4,291.1,211.7,265.3,15251.4,375.7,5454.0,52.1
311.0,291.4,213.1,266.5,15315.1,413.4,5546.0,57.4
326.1,292.1,225.8,278.1,15414.9,692.3,5540.0,99.3
326.3,293.1,226.0,277.5,15324.5,697.2,5421.0,98.3
308.0,291.0,211.3,264.6,15167.4,355.3,5429.0,50.2
325.5,292.6,225.6,277.0,15410.3,691.7,5611.0,97.6
319.6,292.1,221.4,273.5,15240.7,584.6,5569.0,82.0
324.3,292.7,224.9,276.1,15471.0,663.4,5479.0,93.4
315.8,291.8,218.6,271.2,15262.1,505.7,5492.0,72.7
317.7,292.1,219.0,271.6,15632.5,547.5,5446.0,75.8
316.7,291.4,218.7,271.4,15282.5,524.3,5498.0,74.4
320.0,291.3,221.8,273.7,15351.7,597.9,5440.0,83.3
310.6,291.2,213.1,265.5,15522.0,419.2,5373.0,57.0
308.7,291.2,211.0,264.3,15215.4,363.5,5407.0,51.5
313.5,291.7,215.4,268.8,15434.1,451.0,5473.0,65.4
320.8,292.1,221.9,274.3,15596.1,607.0,5414.0,85.2
312.4,291.8,213.4,267.5,15158.9,436.3,5466.0,60.1
320.6,292.4,221.3,273.9,15427.7,614.6,5414.0,83.7
325.9,292.8,226.5,277.6,15439.0,692.1,5428.0,98.5
309.5,291.4,211.4,265.2,15517.3,393.8,5508.0,54.7
319.7,291.7,222.0,273.8,15214.5,594.1,5477.0,83.6
316.5,292.3,218.2,269.6,15201.9,515.4,5463.0,72.2
324.1,292.5,224.2,277.2,15478.3,692.6,5506.0,93.4
311.9,292.1,213.8,266.9,15444.5,412.0,5485.0,58.9
320.2,291.9,221.7,274.5,15437.6,607.3,5532.0,84.6
323.0,291.5,224.4,275.5,15452.0,661.4,5436.0,91.9
324.2,291.2,226.0,278.1,15298.0,705.8,5436.0,97.2
320.1,291.4,221.0,274.8,15434.8,602.6,5391.0,84.2
317.4,292.3,218.8,270.7,15444.0,537.5,5434.0,74.9
318.9,291.9,220.4,273.3,15292.8,575.2,5502.0,80.9
324.0,292.2,224.5,276.5,15679.9,670.6,5518.0,93.4
318.2,290.9,219.4,271.7,15471.1,558.8,5499.0,78.5
308.7,291.2,211.9,264.8,15221.3,371.6,5361.0,51.5
324.2,291.8,225.8,277.8,15498.5,686.7,5503.0,96.5
320.5,292.1,221.3,273.8,15253.8,607.2,5356.0,84.5
318.7,290.5,220.9,274.3,15518.1,599.1,5492.0,83.8
311.8,291.2,214.0,266.6,15573.8,441.4,5427.0,60.8
319.0,290.6,221.3,273.0,15276.9,592.6,5479.0,82.9
315.7,292.3,217.0,269.8,15544.5,485.9,5376.0,69.7
320.1,292.0,221.5,273.5,15461.9,600.7,5500.0,82.6
310.2,292.1,212.7,265.4,15523.3,390.6,5367.0,55.3
320.6,292.8,221.5,273.9,15684.5,587.3,5406.0,82.9
325.5,291.6,226.6,278.6,15363.2,708.8,5388.0,100.0
309.7,291.8,211.0,265.2,15286.9,381.9,5349.0,52.4
326.1,292.6,226.1,278.0,15266.6,685.7,5441.0,98.9
315.2,291.4,217.6,270.2,15277.6,525.0,5525.0,70.3
324.2,293.0,224.4,276.4,15388.4,678.7,5567.0,93.5
321.5,291.5,223.3,276.1,15451.2,639.2,5437.0,89.1
317.8,291.1,219.6,271.9,15441.5,559.8,5487.0,78.4
321.0,292.2,222.0,275.5,15524.1,624.0,5441.0,86.9
323.5,291.8,224.5,276.7,15402.0,676.5,5454.0,93.9
314.7,291.2,217.2,269.4,15618.0,506.5,5410.0,70.2
314.5,291.9,215.6,269.4,15360.3,478.1,5436.0,66.4
319.9,291.8,221.2,273.7,15808.0,596.9,5452.0,83.4
322.7,292.3,223.1,276.0,15493.9,644.5,5395.0,90.4
321.4,291.1,223.2,275.5,15271.4,628.7,5419.0,88.1
321.5,291.7,223.2,275.7,15239.4,641.0,5418.0,89.9
316.0,292.1,218.2,270.1,15472.4,521.4,5462.0,71.8
321.8,290.9,224.2,276.2,15366.5,655.3,5366.0,90.9
310.1,290.9,212.6,265.9,15507.1,384.0,5415.0,56.0
317.1,291.1,218.9,272.2,15471.0,557.2,5512.0,77.2
309.1,292.1,210.0,263.4,15389.1,360.5,5474.0,50.3
314.3,292.0,215.3,269.0,15273.0,473.4,5482.0,66.2
314.6,291.6,216.0,269.1,15172.8,485.9,5414.0,68.3
315.8,292.3,217.5,270.5,15333.0,507.0,5428.0,69.8
320.1,291.9,221.7,274.3,15528.5,614.2,5461.0,84.8
315.3,292.0,217.0,269.8,15432.1,491.0,5487.0,69.4
316.2,291.4,216.9,270.8,15213.1,520.9,5311.0,72.4
312.4,291.9,214.0,267.2,15426.0,436.4,5341.0,61.9
315.4,292.6,217.0,270.1,15457.8,481.5,5471.0,68.7
312.5,292.7,214.4,268.2,15267.4,434.9,5391.0,61.4
309.5,291.0,211.8,265.4,15423.1,388.3,5370.0,53.7
318.0,291.0,220.5,273.4,15408.7,580.9,5339.0,80.2
319.5,290.7,221.9,273.5,15228.6,600.7,5373.0,83.4
319.1,291.9,220.4,272.7,15453.7,584.8,5330.0,81.0
316.4,291.5,218.1,270.8,15484.1,527.0,5503.0,73.2
314.3,291.5,216.8,269.8,15562.5,488.8,5396.0,69.0
324.7,293.0,225.3,276.3,15558.1,670.2,5393.0,93.2
318.1,291.9,218.1,271.8,15193.3,549.2,5424.0,76.0
316.9,291.8,218.6,271.1,15259.3,534.4,5442.0,74.0
308.5,290.6,211.1,264.2,15477.3,372.8,5440.0,51.3
314.0,291.6,216.4,269.3,15477.1,484.2,5445.0,67.1
314.4,290.4,216.5,269.9,15477.3,495.8,5359.0,69.0
315.2,291.6,217.0,269.9,15977.9,507.6,5374.0,69.9
318.6,291.2,220.2,272.9,15485.6,564.7,5426.0,79.0
317.0,291.0,220.4,271.3,15570.3,541.5,5360.0,76.7
319.1,292.4,220.6,273.0,15543.1,573.5,5385.0,80.4
321.7,292.0,222.5,274.6,15497.7,624.4,5404.0,88.2
321.7,290.8,223.4,275.3,15352.7,642.0,5422.0,90.6
320.5,291.5,221.9,274.1,15513.8,613.0,5293.0,85.9
325.0,291.9,225.1,277.4,15284.1,691.4,5416.0,97.8
309.3,292.2,210.9,264.2,15364.5,362.5,5368.0,50.9
311.8,291.2,214.1,266.9,15327.2,416.2,5414.0,59.8
307.5,290.6,210.4,264.6,15412.3,361.3,5416.0,50.4
319.9,291.2,221.4,273.3,15747.2,589.0,5456.0,82.4
323.4,291.1,225.1,276.3,15119.9,670.8,5442.0,94.9
312.9,291.8,214.3,268.1,15502.9,448.6,5441.0,62.2
324.5,292.1,225.3,277.0,15158.1,697.9,5444.0,96.4
309.0,291.1,212.3,265.0,15329.2,370.5,5385.0,53.0
325.5,292.4,225.8,277.6,15563.3,684.2,5371.0,96.7
313.7,290.5,216.3,269.3,15409.6,478.0,5412.0,67.6
309.1,290.6,212.3,266.1,15238.3,388.6,5404.0,55.1
316.5,291.3,218.4,271.3,15292.7,537.4,5351.0,74.3
313.1,291.7,214.6,267.5,15501.9,448.1,5385.0,62.8
312.4,290.5,214.4,269.1,15290.4,457.6,5362.0,64.2
312.1,290.2,216.4,268.6,15432.5,454.3,5320.0,65.4
322.2,291.6,223.5,275.5,15406.8,650.3,5426.0,90.2
318.0,291.9,219.4,272.2,15302.3,540.7,5363.0,77.0
314.2,292.7,215.6,268.7,15721.6,469.2,5461.0,65.6
318.8,291.1,220.1,273.0,15495.1,577.9,5276.0,80.5
320.7,291.1,222.0,275.4,15096.2,625.2,5329.0,85.8
313.5,292.2,214.4,268.0,15428.0,446.6,5357.0,63.6
314.5,290.4,218.2,269.9,15300.7,484.0,5411.0,70.7
310.0,290.9,212.2,266.0,15527.9,402.1,5373.0,56.1
311.4,291.2,213.2,267.2,15281.1,432.9,5367.0,59.1
320.5,292.0,221.3,273.3,15382.8,611.4,5294.0,84.1
311.0,291.5,214.1,266.0,15475.7,423.6,5291.0,59.1
317.5,291.9,219.0,271.4,15529.9,541.5,5364.0,76.3
319.5,290.9,221.4,273.6,15220.0,617.9,5279.0,85.5
309.6,290.5,212.9,265.5,15349.8,390.3,5319.0,55.3
318.4,291.6,220.0,272.5,15328.8,564.0,5370.0,78.4
312.1,290.0,215.0,267.5,15302.0,452.4,5294.0,62.8
325.4,291.9,226.2,277.3,15664.8,712.2,5422.0,98.1
316.9,292.1,219.3,271.1,15460.7,550.8,5402.0,74.2
322.3,292.0,224.3,276.0,15210.9,649.2,5261.0,90.3
318.0,291.7,219.1,271.3,15537.7,550.3,5292.0,77.5
308.3,290.7,212.1,265.1,15718.3,372.9,5223.0,52.2
319.3,291.5,220.9,273.5,15554.9,569.4,5297.0,81.7
325.4,292.5,225.9,278.1,15172.1,690.8,5373.0,97.6
318.9,292.1,219.5,273.2,15327.4,569.3,5313.0,80.1
322.5,291.2,223.6,276.7,15590.0,645.6,5356.0,91.0
324.0,292.3,224.4,276.6,15293.8,675.0,5255.0,94.2
312.5,292.0,214.7,267.5,15466.6,434.0,5370.0,61.4
310.8,290.2,214.5,267.0,15516.2,440.1,5301.0,60.6
319.6,292.6,219.5,272.9,15261.0,575.9,5328.0,80.5
315.2,292.2,217.2,270.6,15391.1,504.4,5322.0,70.6
323.3,292.2,224.4,275.6,14913.8,654.7,5262.0,92.0
324.8,292.8,224.9,276.6,15246.3,680.7,5266.0,95.0
313.7,290.6,216.6,269.8,15362.1,489.4,5371.0,67.7
311.9,291.1,214.6,268.0,15212.8,436.8,5342.0,61.8
321.9,292.0,223.2,275.1,15644.9,630.7,5373.0,89.0
312.6,291.1,215.0,268.4,15185.5,453.8,5336.0,63.7
323.7,292.6,223.2,276.0,15334.0,639.3,5325.0,91.1
315.2,291.2,217.0,270.8,15419.6,503.2,5231.0,71.2
319.7,292.0,221.5,273.7,15616.2,592.2,5302.0,83.4
309.8,291.4,212.3,266.0,15184.6,396.4,5313.0,54.8
318.6,291.5,220.5,274.1,15574.5,582.7,5411.0,81.2
315.9,291.3,217.7,270.9,15401.5,520.4,5346.0,72.6
318.7,292.1,219.9,272.5,15252.8,574.0,5388.0,79.3
310.9,291.2,213.8,266.9,15469.3,416.8,5340.0,58.4
321.2,291.6,222.2,274.5,15429.9,624.3,5273.0,86.8
323.3,291.9,223.8,277.4,15310.0,665.0,5313.0,93.1
311.1,290.3,214.5,267.3,15410.5,436.6,5318.0,60.8
309.9,291.2,212.2,265.4,15342.2,388.5,5258.0,54.8
309.3,292.1,211.1,264.2,15417.0,353.5,5284.0,51.2
319.6,291.9,221.5,273.8,15499.3,585.9,5292.0,82.1
319.0,291.5,220.3,273.2,15637.9,586.0,5382.0,80.4
318.2,292.4,219.5,271.8,15214.3,560.1,5196.0,77.3
311.5,290.9,213.9,267.7,15720.0,446.4,5359.0,61.6
315.9,292.2,216.8,269.1,15107.2,505.8,5251.0,69.5
318.8,291.4,220.4,272.7,15377.2,570.7,5228.0,79.7
317.8,292.4,218.0,271.4,15488.2,536.6,5354.0,74.8
325.4,291.7,226.4,278.9,15442.1,704.5,5331.0,99.4
311.4,292.2,212.9,265.8,15306.6,404.5,5356.0,56.8
320.9,292.1,221.7,273.6,15368.8,611.2,5332.0,84.8
315.6,291.2,217.5,269.6,15326.0,510.5,5393.0,70.2
315.8,291.6,217.6,269.7,15311.6,509.6,5317.0,71.4
320.8,291.7,222.6,274.9,15527.4,610.2,5280.0,85.9
321.1,292.7,221.3,274.7,15453.6,605.1,5304.0,84.6
325.9,292.1,226.4,278.4,15296.1,717.9,5348.0,99.6
309.3,290.8,212.8,266.5,15534.9,395.3,5245.0,56.4
309.3,290.1,212.0,265.7,15446.1,382.0,5251.0,55.2
320.9,292.2,222.5,274.4,15521.9,611.7,5267.0,86.2
318.6,291.8,220.8,272.3,15494.4,554.6,5176.0,78.9
312.9,291.6,215.1,268.0,15275.7,452.3,5287.0,63.7
310.0,291.8,212.2,264.7,15316.0,385.1,5184.0,54.0
308.6,290.6,212.1,265.5,15512.1,385.7,5280.0,54.3
324.2,292.0,224.5,276.9,15491.6,690.9,5319.0,94.7
310.5,290.1,213.0,267.2,15396.9,428.0,5251.0,59.6
314.2,292.3,215.6,268.8,15417.6,475.1,5357.0,66.2
312.0,291.3,213.8,267.4,15591.6,442.3,5199.0,61.3
314.6,291.8,217.0,268.9,15311.3,476.7,5331.0,67.7
308.8,291.1,211.8,265.2,15482.1,387.9,5304.0,53.5
318.0,292.0,218.8,271.9,15369.7,542.5,5183.0,76.0
309.7,291.9,212.2,264.7,15367.3,385.3,5403.0,53.4
322.7,292.1,222.9,275.6,15564.8,634.0,5263.0,90.0
312.1,291.3,214.1,267.6,15523.8,431.5,5221.0,61.7
318.0,292.0,219.3,271.6,15522.0,556.9,5194.0,77.0
323.5,291.3,225.0,276.5,15595.8,675.7,5252.0,94.0
320.1,292.0,221.2,273.5,15403.2,582.7,5255.0,82.5
318.4,292.9,219.2,271.3,15502.3,541.4,5266.0,76.6
314.4,292.3,215.9,268.9,15353.5,480.9,5244.0,66.2
313.6,291.1,216.2,268.6,15448.6,468.6,5290.0,66.7
320.2,292.1,221.4,274.1,15380.5,610.6,5237.0,83.5
325.2,291.5,226.0,279.3,15414.5,703.9,5159.0,99.7
320.2,292.5,221.2,273.3,15489.3,599.4,5247.0,83.1
318.3,291.9,219.1,272.3,15277.3,554.3,5135.0,77.9
320.2,291.0,222.3,274.3,15713.9,623.9,5270.0,86.5
315.8,291.4,217.9,271.2,15249.1,519.8,5202.0,73.3
308.9,290.8,212.7,264.5,15217.9,378.1,5258.0,53.0
318.0,292.0,219.6,272.4,15573.7,558.8,5314.0,78.1
324.6,291.1,225.3,277.4,15518.7,690.0,5200.0,97.9
311.3,292.0,213.5,266.6,15493.6,424.5,5299.0,58.8
320.5,291.9,221.8,273.6,15494.3,599.8,5223.0,84.5
311.5,291.2,214.6,267.4,15398.2,428.0,5331.0,60.0
317.3,290.7,219.0,271.5,15265.4,541.4,5224.0,76.8
310.3,291.6,211.6,265.8,15411.4,378.0,5199.0,54.8
316.9,292.1,218.2,270.5,15298.4,517.1,5274.0,72.5
321.4,291.5,222.1,274.9,15546.3,649.0,5217.0,87.8
314.0,291.1,216.0,269.2,15377.9,487.0,5196.0,67.4
320.2,292.4,221.1,273.3,15276.2,595.0,5213.0,83.2
322.1,291.9,223.3,275.6,15351.8,639.5,5233.0,89.8
324.6,292.1,225.6,278.0,15461.9,689.2,5301.0,96.4
312.6,291.4,214.2,267.2,15315.4,444.8,5136.0,61.7
314.2,290.3,216.9,270.3,15276.7,492.0,5233.0,70.0
311.4,292.5,213.1,267.0,15436.6,418.4,5262.0,57.6
325.9,292.0,226.4,278.0,15436.7,719.4,5239.0,99.6
324.5,292.4,225.4,276.8,15324.0,695.8,5293.0,96.4
317.7,291.6,219.4,272.0,15329.3,553.9,5223.0,77.0
323.1,292.0,224.3,275.9,15434.8,658.7,5216.0,92.1
316.5,291.1,219.1,272.3,15182.8,548.9,5254.0,76.0
320.0,292.9,220.8,273.1,15188.9,585.2,5228.0,81.2
309.6,291.2,211.5,265.1,15292.2,387.4,5202.0,54.5
321.8,292.0,222.7,274.5,15368.0,622.5,5247.0,87.8
310.8,291.7,213.0,266.4,15446.6,403.7,5187.0,56.4
322.4,291.6,224.1,275.7,15621.3,667.0,5188.0,91.3
322.3,292.5,222.8,275.3,15528.6,626.0,5191.0,89.1
320.6,291.7,221.6,274.6,15376.0,598.3,5284.0,85.4
309.1,291.7,211.1,264.5,15397.1,371.3,5054.0,51.8
312.4,290.9,215.7,268.5,15249.6,466.2,5233.0,65.2
312.7,291.5,215.3,267.9,15397.2,452.7,5214.0,63.2
314.2,291.3,216.3,269.6,15356.7,487.9,5127.0,68.0
309.8,291.0,212.5,265.7,15448.4,387.6,5225.0,54.4
325.1,291.6,225.6,277.4,15275.9,706.9,5233.0,96.8
317.6,291.5,219.4,272.1,15477.9,543.0,5237.0,77.7
313.1,291.1,215.5,268.4,15629.9,461.3,5074.0,65.3
315.1,291.3,217.3,269.2,15383.7,498.7,5273.0,69.8
315.6,291.2,217.9,270.7,15460.3,505.5,5167.0,72.4
319.2,292.2,221.1,273.5,15503.5,570.8,5237.0,80.0
317.1,291.8,218.5,271.2,15339.8,554.4,5239.0,75.8
323.1,290.7,225.4,276.9,15433.6,686.4,5157.0,96.0
316.8,291.2,218.4,270.9,15401.9,536.9,5232.0,74.8
325.3,292.0,226.0,278.6,15414.7,699.6,5179.0,99.6
322.5,291.2,224.2,276.5,15284.0,656.2,5093.0,92.6
311.1,290.9,214.1,267.1,15403.7,429.8,5254.0,60.4
324.8,292.0,226.6,277.0,15474.7,687.1,5156.0,96.5
310.8,291.7,212.5,265.9,15617.7,406.3,5150.0,55.8
322.9,292.2,223.2,275.2,15543.9,654.8,5172.0,90.9
314.5,291.2,216.9,269.7,15723.0,485.9,5204.0,69.0
324.0,292.4,223.7,277.0,15284.9,673.7,5187.0,93.9
323.4,291.7,224.4,276.0,15530.8,672.5,5216.0,93.4
322.2,291.1,223.4,275.0,15427.5,655.9,5120.0,90.3
321.6,291.3,223.5,276.1,15728.5,654.1,5149.0,89.5
312.6,290.8,215.9,268.3,15278.8,459.8,5179.0,65.2
309.3,290.9,211.8,265.8,15274.0,382.0,5278.0,54.0
315.3,291.5,217.0,269.9,15310.1,492.7,5177.0,70.1
311.1,291.5,213.2,266.6,15081.4,418.2,5235.0,58.7
320.3,291.4,221.2,274.2,15321.1,609.9,5182.0,84.7
313.8,290.5,216.3,268.8,15286.1,487.9,5155.0,67.3
325.9,292.4,225.6,278.1,15422.6,705.5,5165.0,98.8
318.9,291.0,220.7,273.1,15451.3,584.0,5168.0,82.0
323.2,292.1,223.3,275.4,15681.4,652.9,5205.0,91.1
309.9,290.7,213.1,266.2,15542.6,400.1,5243.0,56.6
323.1,291.8,225.0,276.3,15313.5,685.1,5191.0,93.1
323.9,291.4,224.8,277.2,15265.2,671.9,5231.0,96.1
316.5,291.5,217.7,270.6,15473.8,533.0,5122.0,74.4
319.4,292.8,220.2,273.4,15202.0,590.5,5148.0,80.3
322.0,292.1,222.8,275.4,15674.7,631.0,5132.0,88.2
311.6,291.9,213.6,267.1,15576.9,418.9,5182.0,58.7
317.3,291.8,218.5,271.2,15329.6,534.5,5148.0,75.1
314.6,290.7,216.9,269.2,15143.0,498.8,5201.0,69.9
310.5,290.9,213.2,267.1,15603.1,417.7,5117.0,57.3
314.2,291.0,217.0,269.4,15382.8,473.8,5164.0,68.4
309.9,291.9,211.0,264.9,15585.7,390.1,5195.0,53.4
307.9,291.2,211.0,264.7,15160.8,359.4,5056.0,51.3
310.9,291.5,213.0,266.6,15310.1,404.3,5264.0,56.8
325.8,292.5,225.6,277.9,15400.8,697.6,5143.0,98.2
318.8,292.6,220.1,272.5,15407.0,558.5,5055.0,77.5
325.2,292.1,225.7,278.3,15332.5,687.1,5163.0,98.3
316.1,292.0,217.5,269.9,15493.4,515.4,5155.0,71.6
314.8,293.0,215.9,268.4,15239.9,482.3,5148.0,65.6
316.8,290.6,218.5,271.8,15378.6,528.2,5201.0,75.3
315.1,290.1,216.9,269.4,15418.0,516.0,5187.0,72.0
309.0,290.1,212.2,265.6,15477.2,391.6,5164.0,55.3
319.9,292.5,221.3,272.7,15506.7,590.1,5170.0,82.0
310.9,289.9,214.0,267.1,15231.3,434.9,5141.0,60.8
319.0,290.7,220.2,272.9,15169.9,573.8,5234.0,81.0
319.9,292.2,221.4,273.3,15591.7,594.0,5070.0,82.5
310.8,291.4,213.0,266.1,15449.8,422.2,5150.0,57.6
309.3,291.1,211.5,264.6,15287.7,378.4,5145.0,53.1
322.2,291.8,223.1,276.2,15632.7,643.0,5181.0,89.0
316.9,292.0,218.3,271.5,15417.4,512.4,5097.0,73.0
308.6,290.7,212.6,264.6,15576.9,373.2,5051.0,52.9
325.6,291.7,226.8,279.0,15410.1,717.9,5145.0,99.7
308.7,290.9,212.1,264.9,15709.1,386.0,5150.0,52.9
320.9,291.4,221.5,274.1,15663.3,609.0,5209.0,84.8
326.2,292.4,225.8,278.1,15362.7,706.1,5070.0,99.2
312.5,291.3,214.5,267.3,15545.7,443.0,5190.0,62.0
311.2,291.8,213.0,266.6,15496.8,401.2,5249.0,57.1
309.6,290.5,212.2,266.0,15605.3,404.3,5111.0,56.1
314.3,292.5,215.5,268.3,15255.3,471.7,5064.0,65.2
310.6,291.4,212.5,265.1,15502.9,391.1,5107.0,55.1
320.8,292.2,221.8,273.7,15558.8,601.0,5127.0,84.6
310.0,292.2,211.9,264.4,15136.2,381.2,5153.0,53.1
316.3,291.4,218.9,271.4,15222.5,536.3,5094.0,75.5
325.7,291.8,226.2,277.9,15094.1,713.2,5200.0,99.8
322.3,291.7,223.4,275.7,15359.6,667.5,5065.0,90.7
319.4,291.6,220.0,273.5,15507.6,575.4,5033.0,80.8
313.0,290.2,216.3,269.0,15625.4,464.6,5174.0,65.3
319.6,292.4,220.6,273.0,15411.1,575.3,5004.0,81.2
318.2,292.4,219.0,271.6,15644.3,551.6,5106.0,76.4
316.0,292.3,217.1,271.0,15193.0,508.5,5271.0,71.3
310.5,291.0,214.0,266.3,15144.5,400.6,5113.0,56.5
323.5,291.7,224.3,276.7,15391.7,686.9,5057.0,94.3
315.7,291.7,217.7,270.0,15457.6,528.6,5109.0,72.5
312.1,292.1,214.0,267.1,15395.1,423.5,5108.0,59.7
315.0,292.0,216.8,269.8,15089.9,476.2,5117.0,68.4
315.4,291.5,217.7,269.8,15386.6,512.7,5141.0,70.7
322.7,291.3,224.5,276.1,15204.3,647.1,5055.0,91.4
320.2,291.3,222.5,274.5,15500.5,626.6,5190.0,86.7
321.3,291.2,222.4,275.1,15455.0,615.1,5117.0,88.5
309.2,292.2,210.8,263.4,15259.0,366.0,5139.0,50.6
314.9,290.4,217.4,270.0,15322.9,497.7,5070.0,70.8
316.8,291.4,219.2,271.4,15241.1,535.0,5165.0,74.1
308.8,292.1,210.5,264.2,15390.6,364.4,5087.0,51.0
312.0,290.7,215.3,267.9,15543.3,444.4,5112.0,63.0
321.8,292.5,222.8,274.7,15252.1,625.7,5050.0,88.0
310.9,291.7,213.2,266.3,15475.6,410.4,5046.0,56.9
317.6,291.1,219.1,271.7,15320.5,549.7,5129.0,76.8
313.3,293.0,213.8,266.9,15281.1,438.0,5071.0,60.8
307.4,290.1,211.2,264.9,15383.9,371.8,5050.0,50.6
312.9,292.1,214.8,268.0,15244.7,434.0,5059.0,62.1
325.5,292.1,226.5,277.8,15317.0,722.4,5125.0,98.8
322.8,291.9,223.4,275.8,15220.3,645.0,5057.0,90.1
325.5,292.4,225.6,278.0,15694.7,691.7,5082.0,98.0
316.4,291.9,217.8,271.4,15405.3,522.0,5087.0,74.4
310.1,291.5,212.8,265.1,15295.0,395.7,4989.0,55.5
316.9,290.8,219.5,272.4,15432.1,560.5,5010.0,77.4
316.5,292.2,217.5,270.4,15383.2,519.0,5099.0,72.7
323.3,292.2,223.8,276.0,15366.9,673.3,5045.0,92.2
310.1,291.6,212.1,266.6,15492.1,384.6,5133.0,54.9
317.3,291.8,217.8,271.3,15513.6,532.0,5127.0,74.4
310.9,291.5,212.8,266.2,15320.4,403.9,5114.0,57.5
313.9,291.8,215.4,267.9,15313.6,476.0,5168.0,66.2
320.8,291.2,222.2,275.2,15358.7,628.8,5071.0,86.9
316.2,291.7,218.0,270.4,15054.7,524.6,5107.0,73.8
315.4,292.1,216.0,269.1,15172.7,474.0,5044.0,68.8
315.8,292.0,217.8,269.7,15605.0,499.9,5194.0,69.7
316.2,291.8,218.5,271.3,15646.7,524.9,5170.0,73.0
322.2,291.9,222.8,275.7,15362.6,641.8,5070.0,89.3
323.6,291.9,224.9,276.8,15486.5,688.1,5088.0,94.6
325.8,292.6,226.0,277.9,15446.7,688.6,5135.0,97.8
322.5,292.3,223.6,275.1,15861.8,644.9,5058.0,89.3
314.6,292.6,215.4,268.7,15567.9,478.1,5032.0,65.8
319.9,291.5,222.0,274.0,15380.8,588.5,5107.0,84.4
315.7,290.8,217.4,270.8,15256.7,516.2,5066.0,71.9
312.7,291.2,214.2,268.2,15159.0,445.4,5070.0,62.7
323.5,292.6,224.3,276.3,15430.5,657.4,5018.0,92.0
308.6,291.0,211.9,264.6,15286.5,373.0,4973.0,51.9
323.8,291.5,226.0,277.3,15186.7,675.2,5069.0,95.1
316.7,291.6,217.5,270.7,15303.0,517.5,5101.0,73.1
319.8,291.8,221.1,272.8,15237.8,585.6,5044.0,81.9
319.4,290.8,221.0,273.4,15653.1,584.2,5126.0,83.0
324.8,292.7,225.2,276.9,15532.2,667.2,5017.0,94.8
320.0,292.2,220.2,273.6,15398.8,590.7,4999.0,81.8
319.1,291.6,219.9,272.8,15622.0,567.7,5047.0,80.7
309.2,291.2,211.5,264.7,15411.6,384.9,5045.0,53.3
317.6,292.1,218.9,271.6,15270.8,546.3,5086.0,75.9
310.3,291.5,212.9,266.4,15628.5,401.3,5008.0,57.5
321.3,291.5,222.6,274.7,15480.8,615.2,5114.0,86.9
316.1,290.9,219.2,271.8,15244.4,549.6,5143.0,75.6
320.7,292.6,221.7,274.3,15371.4,592.4,5041.0,84.0
308.0,290.1,212.1,264.6,15268.7,370.0,5104.0,52.1
310.3,292.0,212.3,265.2,15192.6,390.3,4988.0,54.2
320.7,291.6,221.5,274.0,15538.9,620.3,5093.0,85.8
309.2,291.1,212.4,265.5,15686.4,381.9,5091.0,53.6
309.0,291.3,211.6,265.8,15190.2,379.8,5080.0,53.6
308.1,291.2,211.3,264.2,15484.4,369.0,5035.0,50.6
325.9,293.0,226.4,277.7,15302.4,716.5,4887.0,97.8
320.0,290.5,222.5,275.3,15326.9,629.7,5001.0,86.9
315.0,291.7,215.7,269.4,15311.1,484.4,5001.0,67.7
313.5,291.5,215.1,268.6,15270.4,458.3,4982.0,64.8
313.7,291.2,216.8,268.7,15407.3,476.9,5036.0,67.5
321.4,291.0,222.9,275.5,15275.4,639.1,5008.0,88.7
320.7,292.3,221.2,273.2,15440.6,597.4,4986.0,83.1
310.9,290.9,214.0,266.4,15392.5,432.0,4973.0,59.3
310.6,290.4,213.8,266.5,15364.2,423.6,4989.0,58.7
310.3,291.5,212.4,265.4,15263.9,384.4,5080.0,54.9
320.1,291.9,221.1,273.5,15313.5,602.3,4990.0,83.0
321.3,291.1,222.7,274.5,15513.3,622.0,4996.0,88.2
312.9,291.2,215.3,268.3,15475.1,449.8,4997.0,63.3
307.9,290.8,211.3,264.9,15253.4,366.3,5036.0,51.0
310.0,291.3,211.9,264.6,15414.9,397.7,5041.0,54.1
326.0,292.2,226.4,278.3,15512.7,734.1,4864.0,98.4
313.6,291.5,215.4,268.1,15149.6,467.1,5066.0,64.8
322.0,292.3,222.5,275.5,15481.5,630.9,5086.0,88.5
320.1,292.6,220.3,273.0,15300.6,585.2,4960.0,81.2
314.9,291.4,216.4,269.6,15485.6,500.2,4963.0,69.1
311.1,290.7,213.9,267.0,15285.5,429.1,4988.0,60.3
310.4,290.9,213.2,266.4,15129.3,411.0,4972.0,56.1
320.1,293.0,220.1,272.4,15155.9,579.2,5019.0,80.8
321.4,291.6,223.0,275.4,15407.2,638.8,4910.0,88.7
319.4,291.5,220.6,273.8,15439.0,593.2,4950.0,82.2
317.8,292.2,219.0,272.0,15264.4,550.3,5082.0,76.5
308.7,290.8,210.8,265.7,15495.8,376.9,4957.0,52.1
324.9,292.0,225.9,277.7,15150.8,697.7,5064.0,98.4
322.9,292.6,223.3,275.9,15390.1,638.0,5019.0,89.9
314.4,292.5,215.6,268.3,15218.3,455.1,4909.0,64.6
325.7,292.3,226.3,278.6,15302.2,712.2,5030.0,99.0
318.4,291.3,219.8,272.7,15407.1,578.9,4991.0,80.1
317.7,291.3,220.4,272.3,15270.9,569.3,4973.0,79.1
321.6,291.7,222.6,275.3,15342.3,639.6,5007.0,87.4
323.2,292.3,223.6,275.5,15550.9,647.7,5017.0,90.6
320.1,292.4,221.1,273.0,15313.5,597.7,5028.0,82.8
310.3,291.1,212.6,265.8,15525.4,397.1,5050.0,56.4
313.8,291.4,216.2,269.3,15230.5,475.8,5011.0,66.9
324.2,292.1,225.6,277.9,15479.5,696.0,4920.0,96.4
312.5,291.6,213.6,267.4,15616.2,443.0,4964.0,61.2
315.2,292.2,216.4,270.0,15029.3,488.5,5134.0,68.6
315.0,290.5,217.5,269.8,15280.5,511.5,5022.0,71.6
316.7,292.6,217.8,270.3,15486.6,503.7,5103.0,72.0
319.3,292.1,220.9,272.8,15369.5,573.7,5053.0,80.6
325.7,293.0,225.3,277.5,15455.7,703.3,4994.0,97.2
311.7,290.5,214.3,267.7,15309.4,447.1,4996.0,62.0
309.5,290.1,212.5,266.2,15413.0,403.7,4978.0,56.1
311.5,291.4,213.5,266.8,15376.6,428.4,4891.0,59.9
324.2,291.7,224.6,276.8,15575.2,674.6,4978.0,94.3
320.5,292.6,221.2,273.4,15438.2,582.9,5036.0,82.3
313.5,292.0,214.8,267.9,15450.6,464.2,4945.0,64.3
322.6,291.9,223.8,275.7,15338.2,653.0,4994.0,90.8
323.0,292.1,223.6,276.4,15326.9,670.0,5015.0,93.1
323.9,293.0,223.9,276.2,15335.1,655.3,4925.0,92.3
324.1,291.4,225.1,277.3,15459.2,665.4,4947.0,95.9
313.4,292.2,215.4,267.8,15336.9,454.5,4918.0,62.6
321.4,291.8,222.5,274.7,15443.5,623.2,4926.0,87.8
317.1,291.9,217.1,271.2,15711.3,515.8,4902.0,73.0
323.5,292.1,223.2,275.7,15530.7,664.9,4920.0,92.1
321.0,291.7,222.2,274.3,15351.1,614.5,5035.0,86.4
321.7,291.1,223.2,276.3,15580.2,644.5,4917.0,88.8
319.6,291.7,221.2,273.1,15338.8,597.2,4968.0,82.8
311.4,291.4,213.6,266.2,15094.3,425.0,4935.0,58.9
317.8,291.2,219.8,272.2,15248.8,541.8,5018.0,77.3
325.4,292.0,226.0,277.4,15119.4,721.5,5023.0,99.2
324.8,292.3,225.9,277.4,15347.3,695.1,5000.0,96.9
308.8,291.3,210.8,265.7,15402.8,371.0,4971.0,52.2
309.9,290.1,213.0,265.9,15651.5,417.3,4943.0,58.2
310.6,291.7,212.1,265.3,15449.0,394.5,4893.0,56.6
320.6,291.6,222.1,273.9,15367.1,620.6,5049.0,86.3
322.1,291.5,223.6,276.2,15524.4,640.5,4913.0,90.9
311.0,290.2,214.2,267.7,15068.3,425.6,4982.0,60.7
316.2,290.8,218.7,271.2,15435.3,526.9,5001.0,75.3
322.5,291.7,223.6,276.4,15515.6,668.3,4919.0,92.0
320.8,291.4,222.2,275.2,15178.2,614.0,4998.0,86.6
318.7,293.3,218.7,272.6,15571.6,563.2,4983.0,77.1
318.4,291.3,220.6,272.5,15450.8,564.3,5030.0,79.5
317.2,291.8,218.6,270.5,15337.7,526.4,4919.0,75.4
313.6,291.4,215.2,268.1,15494.9,456.6,4877.0,64.9
318.2,291.9,220.3,272.1,15740.6,569.2,4914.0,78.3
320.4,291.3,221.1,273.9,15427.3,602.5,4949.0,84.4
323.1,291.3,224.1,276.5,15437.2,664.6,4940.0,93.7
320.2,292.2,220.3,273.7,15331.1,586.3,4916.0,81.8
322.6,292.9,222.7,275.5,15272.5,634.0,4839.0,88.1
310.0,290.7,213.4,266.4,15524.6,421.2,4957.0,58.0
315.8,291.3,218.3,271.2,15271.6,533.1,5031.0,73.1
308.0,290.3,211.9,264.5,15410.7,359.0,4955.0,50.5
312.0,291.5,213.7,267.7,15328.4,437.4,4961.0,62.3
321.3,292.2,222.4,274.9,15471.8,613.6,4958.0,86.3
325.5,291.6,226.1,278.3,15450.0,714.7,4948.0,99.6
310.9,292.3,212.1,266.4,15555.6,387.7,4973.0,55.0
315.8,292.2,216.8,269.3,15323.5,494.3,4945.0,70.1
322.5,291.9,223.0,275.4,15359.5,646.6,4908.0,90.0
312.2,291.9,214.6,267.0,15253.2,430.1,4883.0,60.2
318.5,292.1,219.8,272.3,15333.4,556.2,4909.0,77.8
320.9,291.5,222.3,275.1,15456.6,613.0,4936.0,86.7
318.7,291.2,221.0,272.9,15513.5,575.9,4903.0,80.8
311.4,290.9,213.1,266.3,15261.7,419.2,4934.0,59.4
314.8,292.0,215.8,269.6,15530.4,490.6,4939.0,67.8
322.2,292.2,222.2,275.6,15603.3,646.9,4957.0,89.2
317.2,291.1,219.2,271.3,15462.0,541.3,4979.0,77.7
307.7,291.0,210.9,264.3,15681.5,354.7,4917.0,50.3
321.7,292.0,222.8,274.4,15283.9,616.4,4847.0,88.0
308.6,290.9,211.4,264.4,15213.3,366.8,4894.0,51.8
322.4,293.2,221.9,274.4,15133.2,623.4,4912.0,87.3
311.0,290.2,214.3,267.4,15624.4,421.2,4817.0,60.1
325.5,292.1,225.9,277.9,15498.2,691.0,4977.0,97.9
315.4,292.0,216.8,268.9,15391.7,482.2,4913.0,68.4
315.0,292.9,215.1,269.2,15442.0,475.8,4924.0,66.3
310.5,291.3,213.2,265.7,15231.2,411.1,4972.0,57.4
313.7,291.8,215.1,268.7,15766.9,462.0,4871.0,65.3
324.1,292.7,224.4,276.3,15419.4,672.6,4930.0,93.8
326.0,292.0,226.7,278.2,15416.4,708.2,4895.0,99.8
314.6,291.6,216.6,269.6,15508.9,487.3,4890.0,68.4
316.3,291.8,217.5,270.8,15472.2,530.0,4859.0,72.4
319.7,290.9,222.1,275.0,15433.6,627.2,4980.0,86.1
324.3,292.4,224.1,276.8,15281.4,662.1,4876.0,94.3
318.7,291.7,220.6,272.7,15470.7,576.1,4929.0,79.7
314.9,291.6,216.8,269.6,15682.3,503.1,4799.0,69.6
316.5,292.8,217.7,270.1,15601.8,496.9,4951.0,70.6
320.2,291.3,221.5,274.3,15639.0,613.1,4943.0,84.8
307.9,290.9,210.6,264.2,15323.3,366.4,4894.0,50.2
320.1,292.5,220.2,272.3,15251.6,569.9,4877.0,81.0
314.0,290.3,216.7,269.4,15381.1,478.4,4907.0,67.8
322.0,291.8,223.0,275.6,15408.4,650.6,5000.0,89.7
309.6,291.3,212.5,265.2,15564.1,392.2,4796.0,54.6
319.0,292.2,219.9,272.0,15146.1,572.2,4922.0,79.4
316.8,291.1,217.5,271.6,15629.4,532.0,4836.0,74.0
318.9,291.1,220.6,273.5,15376.3,590.3,4880.0,82.1
308.9,290.2,211.3,265.0,15336.0,373.6,4867.0,53.2
318.1,291.8,219.9,272.0,15248.2,573.1,4857.0,79.0
318.1,291.4,219.1,271.8,15151.8,567.4,4877.0,78.1
318.3,292.3,220.0,272.7,15523.5,556.1,4819.0,78.0
319.1,292.3,220.2,272.8,15411.0,572.9,4926.0,80.2
319.3,290.7,221.3,273.6,15206.5,586.5,4784.0,83.8
323.0,292.2,223.7,275.8,15205.7,649.9,4899.0,90.2
313.0,291.6,215.4,267.7,15349.6,457.6,4855.0,63.5
323.5,292.4,223.7,276.5,15650.4,651.9,4811.0,91.3
317.2,291.9,218.3,271.8,15361.1,544.0,4879.0,74.9
309.9,291.6,211.3,265.1,15174.5,383.2,4790.0,53.9
309.3,290.9,211.4,264.8,15363.1,381.4,4868.0,52.9
314.7,291.5,215.8,267.9,15359.1,470.2,4794.0,66.7
322.4,292.3,223.2,274.8,14995.5,637.9,4887.0,89.2
320.7,291.7,221.8,273.7,15391.9,609.0,4817.0,85.4
323.3,292.9,223.4,275.5,15365.4,641.4,4839.0,89.4
317.8,292.3,218.7,271.4,15504.4,539.6,4875.0,75.9
316.2,292.2,217.7,269.9,15677.3,513.9,4821.0,72.0
310.0,290.5,213.5,266.2,15569.0,415.0,4855.0,57.4
313.3,290.7,216.1,269.1,15359.7,471.9,4781.0,66.4
316.0,291.9,217.6,270.6,15234.0,501.1,4887.0,71.7
309.7,290.9,211.9,264.7,15786.0,398.7,4943.0,54.4
311.7,291.1,214.0,267.3,15408.9,444.8,4993.0,61.0
318.8,292.0,219.8,272.1,15402.1,561.0,4857.0,79.9
322.0,292.9,222.1,275.0,15396.4,626.5,4890.0,86.8
326.3,292.0,226.8,278.7,15429.7,709.4,4761.0,99.9
324.2,291.3,225.4,277.1,15378.3,693.6,4924.0,96.7
319.5,291.5,220.3,273.0,15314.0,589.6,4886.0,82.1
315.2,291.2,218.1,270.0,15318.0,506.4,4822.0,71.1
319.3,291.8,220.9,272.3,15395.1,578.5,4907.0,81.8
321.9,292.2,222.6,275.5,15318.5,632.2,4831.0,89.3
309.9,290.8,212.4,265.8,15293.1,394.7,4820.0,55.9
314.8,290.8,217.3,270.4,15416.0,498.2,4865.0,70.5
323.1,292.3,224.7,275.7,15361.8,657.1,4787.0,92.0
314.6,291.3,216.4,269.4,15625.6,489.8,4890.0,69.2
316.8,290.6,220.1,271.7,15002.4,567.3,4785.0,78.6
319.6,292.9,220.6,272.1,15563.7,579.4,4784.0,79.4
311.9,291.5,213.4,266.3,15586.9,420.0,4790.0,59.2
314.3,290.9,216.3,269.7,15089.0,488.6,4872.0,68.1
314.0,291.0,215.6,268.7,15348.6,480.4,4802.0,66.7
307.9,290.7,211.1,264.6,15344.3,369.3,4764.0,51.3
309.3,292.3,211.1,264.4,15188.9,366.5,4800.0,51.2
323.9,293.5,224.1,275.5,15283.3,661.6,4828.0,91.6
313.0,291.7,215.5,268.0,15233.4,458.2,4769.0,63.7
317.8,292.5,218.6,271.8,15662.8,533.3,4769.0,75.9
313.5,291.3,214.7,268.0,15540.4,469.9,4931.0,64.9
324.3,291.1,225.6,277.9,15590.7,702.4,4781.0,97.0
312.5,291.4,215.0,267.5,15508.3,445.4,4807.0,63.0
315.8,291.8,217.6,270.1,15230.6,511.4,4804.0,71.5
323.5,291.9,224.4,276.8,15321.3,675.9,4800.0,93.6
323.0,292.0,224.1,275.9,15473.4,656.6,4851.0,92.1
311.3,291.4,214.3,266.9,15216.7,430.4,4866.0,59.3
322.4,292.3,223.5,275.5,15506.9,665.8,4802.0,90.1
316.3,292.0,217.8,270.8,15364.0,515.6,4754.0,72.9
316.2,291.3,218.2,270.1,15343.8,519.9,4878.0,74.1
310.0,291.1,212.8,265.4,15506.6,406.9,4809.0,56.7
308.8,290.7,212.7,265.6,15466.6,390.2,4899.0,54.0
321.6,292.3,222.1,275.0,15345.9,615.7,4699.0,86.4
315.9,290.8,218.6,270.9,15573.9,545.9,4820.0,74.8
316.4,291.7,217.4,270.3,15237.8,504.1,4905.0,71.8
321.8,292.9,222.7,274.7,15492.4,624.3,4790.0,86.5
321.6,291.4,223.6,275.3,15489.0,625.8,4795.0,88.3
309.6,290.1,213.4,265.6,15353.6,424.3,4820.0,57.9
318.8,291.3,220.4,272.5,15448.9,591.7,4776.0,80.5
310.4,291.4,212.9,266.0,15212.3,401.5,4787.0,56.8
321.0,291.4,221.6,275.2,15538.6,621.3,4785.0,87.6
319.6,291.1,221.4,274.5,15372.3,599.5,4769.0,82.8
326.0,293.0,225.9,277.7,15321.6,695.7,4861.0,97.8
309.6,291.3,212.0,264.6,15557.4,381.9,4821.0,53.4
308.6,291.0,211.4,265.2,15294.3,378.0,4809.0,52.9
312.3,290.6,215.0,268.7,15188.7,446.1,4836.0,64.1
312.5,291.3,214.7,268.0,15166.5,451.0,4781.0,63.1
312.3,291.0,215.0,267.3,15490.9,441.5,4754.0,62.3
324.6,292.2,224.9,277.5,15207.9,676.8,4762.0,95.3
312.2,291.0,215.5,268.0,15663.2,455.7,4791.0,62.5
313.2,291.9,215.2,267.7,15087.7,446.7,4737.0,63.6
322.6,293.4,222.2,275.1,15654.5,636.1,4763.0,88.0
316.5,291.8,217.8,271.0,15431.7,516.3,4761.0,72.5
322.0,292.3,222.7,275.7,15385.5,632.7,4892.0,88.8
309.1,290.4,210.9,265.1,15318.3,385.1,4646.0,53.3
316.6,291.1,219.1,271.0,15459.9,534.3,4775.0,74.4
309.2,291.4,211.6,265.2,15394.4,372.5,4869.0,51.7
308.8,290.4,212.0,264.6,15565.5,385.0,4787.0,53.1
324.3,291.6,225.1,277.2,15417.1,678.4,4818.0,95.3
310.5,291.4,212.4,265.6,15422.5,403.8,4784.0,57.0
317.3,291.4,218.9,272.2,15345.5,539.5,4744.0,76.6
314.7,291.0,217.6,269.9,15391.5,498.6,4664.0,70.6
314.4,291.9,215.8,269.6,15446.2,501.5,4785.0,67.4
324.2,292.1,223.9,277.2,15143.5,691.0,4735.0,95.0
308.6,291.6,211.0,264.0,15197.8,358.4,4733.0,51.1
319.7,291.5,221.1,274.2,15511.5,583.8,4747.0,83.2
326.0,292.4,226.0,278.5,15425.6,706.6,4858.0,98.2
317.6,291.6,219.9,272.5,15372.4,562.0,4889.0,78.0
325.7,292.8,225.8,277.2,15402.8,697.7,4779.0,96.8
308.1,290.0,211.7,264.8,15452.1,374.8,4743.0,52.6
315.8,291.7,217.8,270.2,15319.0,506.3,4707.0,70.9
312.9,291.4,214.2,267.6,15283.3,452.6,4788.0,63.0
320.8,291.4,222.5,275.3,15429.4,619.5,4852.0,86.5
325.9,292.5,226.5,278.2,15253.2,686.3,4750.0,99.1
313.3,292.1,214.3,266.8,15461.2,447.8,4642.0,62.8
318.7,290.4,220.5,273.6,15144.6,584.3,4793.0,82.7
311.8,291.4,213.6,266.9,15554.4,429.4,4808.0,59.9
316.9,290.8,219.4,272.2,15470.9,583.0,4678.0,78.3
315.9,291.3,218.4,270.6,15438.4,526.0,4765.0,73.2
326.3,293.6,225.8,278.3,15547.4,701.9,4777.0,98.6
318.7,291.8,220.0,273.3,15649.8,582.5,4750.0,80.4
313.7,291.2,216.0,269.3,15552.2,485.7,4713.0,67.5
310.0,290.7,213.0,265.7,15123.9,400.6,4802.0,55.7
311.8,292.5,213.1,266.3,15208.1,415.1,4730.0,57.6
311.1,290.4,214.2,267.4,15306.3,450.7,4674.0,61.3
312.0,290.7,214.7,267.4,15403.9,440.1,4645.0,62.5
324.1,292.8,224.7,276.5,15477.6,666.0,4809.0,92.5
319.0,292.9,219.3,272.4,15291.1,550.9,4776.0,78.1
317.4,291.8,219.5,272.2,15428.0,548.8,4748.0,76.2
309.4,290.3,212.6,266.3,15286.7,393.4,4721.0,55.7
324.5,293.3,224.2,276.1,15308.3,661.1,4715.0,93.0
321.8,292.5,223.1,274.8,15189.0,613.4,4687.0,86.1
309.6,291.6,211.4,264.8,15261.5,386.9,4718.0,53.4
320.3,291.4,221.8,274.5,15197.2,618.4,4632.0,85.4
317.8,291.6,218.8,271.7,15253.6,542.2,4700.0,77.2
309.4,291.3,212.4,265.0,15558.0,387.0,4720.0,54.1
316.4,291.5,218.6,270.8,15257.6,516.2,4765.0,72.9
317.5,292.9,219.1,270.0,15794.9,521.4,4731.0,74.2
311.4,291.2,213.9,265.9,15474.0,415.5,4772.0,58.3
324.5,291.4,225.6,277.6,15427.7,692.6,4798.0,97.3
324.0,292.8,224.0,276.3,15271.2,683.8,4782.0,92.5
320.2,292.2,220.6,273.6,15505.0,600.3,4752.0,83.5
316.7,291.9,218.8,270.1,15313.7,512.7,4728.0,73.1
316.1,292.3,217.4,269.7,15418.3,500.7,4677.0,70.6
319.2,291.4,220.8,273.6,15784.0,598.7,4762.0,82.5
317.8,291.6,219.9,272.2,15385.6,568.6,4807.0,77.3
308.9,291.3,211.3,265.1,15572.4,371.3,4739.0,53.1
316.4,291.1,219.0,271.9,15294.5,526.5,4817.0,75.6
322.7,292.4,223.4,275.8,15394.8,662.7,4644.0,90.3
317.5,292.6,218.2,270.4,15665.6,524.5,4661.0,73.0
308.0,290.2,211.5,264.8,15306.0,371.5,4760.0,52.6
322.1,291.9,222.6,274.8,15671.9,643.4,4729.0,89.3
311.9,291.3,214.0,267.0,15506.2,413.7,4781.0,60.1
312.7,291.6,215.2,268.3,15315.6,450.0,4713.0,62.9
310.9,291.1,213.3,266.8,15494.9,418.3,4669.0,58.2
313.3,291.0,216.3,269.4,15545.9,481.7,4701.0,66.5
321.7,291.7,222.3,274.8,15493.3,619.1,4634.0,87.8
317.0,291.8,218.9,272.1,15164.5,543.8,4653.0,76.0
310.6,290.0,213.7,267.0,15290.9,425.2,4756.0,60.2
324.4,292.7,224.9,277.3,15362.9,673.7,4750.0,93.9
324.3,292.8,224.6,276.7,15388.8,663.5,4724.0,94.0
323.7,291.9,224.7,276.8,15493.1,664.9,4618.0,93.5
312.4,291.7,214.9,268.2,15426.7,436.7,4685.0,61.9
316.7,291.8,218.1,270.5,15199.7,523.5,4641.0,72.6
325.8,292.7,226.4,278.3,15457.0,718.2,4759.0,99.2
322.3,292.4,222.5,275.7,15491.6,631.4,4670.0,88.6
308.3,290.8,211.2,264.5,15484.0,367.4,4644.0,51.4
309.8,291.7,211.6,264.6,15562.1,373.1,4699.0,53.3
316.5,292.0,217.9,271.6,15525.1,521.2,4664.0,73.2
324.5,292.0,224.9,276.9,15468.9,682.1,4769.0,95.5
317.1,290.8,218.8,271.9,15389.5,570.2,4657.0,76.9
317.1,291.7,217.8,271.7,15150.9,527.1,4622.0,74.9
309.5,290.4,212.1,265.5,15464.4,403.3,4583.0,55.3
319.5,292.0,221.2,273.1,15431.2,600.6,4688.0,82.8
322.4,291.4,223.2,276.0,15440.7,654.0,4661.0,91.1
314.3,291.2,216.7,268.9,15208.5,505.6,4616.0,69.0
323.0,293.1,223.7,275.1,15237.8,638.1,4746.0,88.8
326.0,292.5,226.3,278.0,15558.0,706.1,4718.0,98.2
312.6,292.3,214.6,267.0,15394.1,430.0,4682.0,60.2
316.8,291.3,219.1,271.0,15502.2,553.9,4751.0,76.2
313.2,291.4,215.7,268.9,15404.2,467.2,4715.0,64.4
321.6,291.7,222.9,275.5,15404.5,635.3,4639.0,89.6
318.0,291.7,219.6,273.0,15540.7,553.6,4627.0,78.9
319.0,291.6,219.6,273.1,15322.6,582.7,4719.0,81.7
323.0,292.5,223.8,275.2,15414.4,635.6,4696.0,89.9
314.9,291.0,217.6,269.9,15330.7,498.6,4684.0,69.8
325.0,292.5,224.9,277.1,15334.8,696.5,4632.0,95.8
317.9,292.0,219.0,271.3,15353.6,544.6,4703.0,76.7
312.0,292.6,212.9,267.0,15433.3,413.7,4634.0,57.9
319.8,290.5,221.9,273.8,15328.2,606.8,4666.0,84.8
322.9,292.6,223.7,274.7,15588.4,648.7,4742.0,89.7
314.3,292.1,215.0,269.2,15265.8,455.9,4635.0,65.8
322.9,291.5,224.4,276.2,15372.0,658.3,4588.0,92.9
324.8,293.0,224.9,276.8,15334.0,683.5,4613.0,95.3
313.2,291.7,215.2,267.4,15617.0,464.2,4714.0,63.8
325.6,292.5,226.4,278.9,15429.5,704.2,4676.0,99.2
310.1,290.8,212.9,265.7,15554.8,397.1,4656.0,57.0
311.3,291.2,213.9,267.1,15177.2,433.4,4636.0,60.1
312.3,292.8,213.6,267.2,15440.1,419.6,4684.0,59.2
324.1,292.5,225.2,277.1,15533.4,665.8,4616.0,94.7
320.2,291.9,221.2,273.5,15412.3,586.2,4673.0,82.7
310.3,290.8,213.2,265.7,15559.8,410.8,4620.0,57.6
315.5,291.1,217.2,270.1,15322.4,510.6,4610.0,72.0
319.6,292.5,220.3,273.0,15611.4,559.7,4622.0,80.8
308.8,290.7,212.4,265.1,15744.8,392.2,4634.0,54.2
323.7,291.6,224.7,276.8,15345.6,685.0,4649.0,94.1
322.5,292.0,223.7,275.9,15333.2,650.7,4662.0,90.2
317.1,291.1,219.4,271.8,15618.0,529.5,4465.0,75.3
325.3,292.5,226.4,277.4,15636.9,701.3,4607.0,98.4
315.7,291.6,217.4,271.0,15321.6,506.8,4627.0,70.9
326.1,292.5,226.0,278.5,15337.0,715.3,4721.0,99.2
320.4,292.1,220.2,273.7,15357.7,601.9,4590.0,83.4
318.9,291.6,220.7,273.6,15198.3,578.4,4651.0,81.7
310.8,290.3,213.2,267.5,15262.2,417.3,4717.0,58.3
324.5,292.7,224.8,276.1,15249.4,677.1,4575.0,94.1
316.1,292.0,217.4,270.2,15284.8,520.7,4659.0,71.4
310.2,290.5,213.2,265.6,15394.8,419.6,4598.0,58.1
308.4,291.8,210.2,264.5,15435.1,366.0,4612.0,50.6
317.1,290.5,219.2,272.3,15632.6,558.3,4596.0,78.0
317.5,291.9,219.2,271.7,15250.2,556.8,4598.0,76.4
321.9,292.9,222.8,274.2,15547.6,618.2,4769.0,86.0
323.6,292.0,224.7,276.0,15367.9,667.6,4674.0,94.5
309.0,290.6,212.1,265.5,15392.6,393.5,4686.0,54.0
321.5,292.1,222.7,275.2,15501.2,625.1,4654.0,86.6
310.6,290.9,213.4,266.6,15231.6,421.9,4548.0,59.4
323.1,291.9,224.4,276.6,15457.4,659.8,4647.0,92.9
323.0,291.8,223.4,275.2,15425.0,653.0,4680.0,91.0
317.4,291.2,219.6,272.1,15473.9,554.4,4582.0,77.0
320.7,291.9,222.0,274.1,15443.4,613.1,4672.0,85.5
314.0,292.1,215.8,268.4,15768.3,471.9,4658.0,65.7
316.7,291.6,217.9,270.6,15304.3,538.4,4714.0,73.6
322.9,291.3,224.0,275.7,15320.4,661.0,4599.0,91.1
316.1,291.6,218.8,270.9,15306.5,523.1,4564.0,73.0
314.6,291.3,216.0,268.8,15316.7,491.8,4600.0,67.9
316.8,291.0,218.4,271.1,15304.4,526.5,4688.0,74.7
323.1,291.4,223.9,275.9,15578.4,657.2,4524.0,91.4
313.8,291.5,216.3,268.5,15613.1,489.4,4511.0,66.8
311.0,291.2,213.3,267.4,15314.4,418.3,4617.0,58.7
320.3,291.3,220.8,274.0,15275.1,604.8,4590.0,85.6
322.9,292.4,224.3,275.7,15470.7,646.8,4611.0,91.3
309.4,291.0,212.6,265.2,15317.2,387.5,4657.0,55.0
311.8,291.3,213.8,268.3,15494.9,438.4,4581.0,62.0
310.7,291.0,212.7,266.4,15430.4,406.1,4513.0,57.1
314.4,291.6,216.9,268.8,15172.6,472.4,4708.0,67.4
316.5,291.5,218.4,271.0,15632.1,518.6,4555.0,72.5
321.3,291.6,222.9,274.9,15669.4,633.1,4550.0,87.4
319.9,291.9,220.9,273.5,15308.1,582.8,4657.0,82.6
319.5,292.2,220.6,272.9,15341.8,591.8,4582.0,81.0
314.6,291.7,216.2,268.9,15442.9,486.9,4597.0,67.6
322.7,291.8,224.5,276.3,15450.2,667.8,4623.0,92.1
316.6,291.9,217.8,270.7,15498.8,521.1,4652.0,73.6
325.8,293.0,225.8,278.8,15701.5,716.0,4579.0,99.0
319.4,291.7,221.1,272.7,15373.5,575.3,4671.0,81.7
309.2,289.9,212.7,266.6,15280.3,407.7,4487.0,56.3
320.3,292.0,222.0,273.8,15193.1,600.7,4631.0,83.8
315.0,292.3,215.6,268.9,15290.4,477.4,4549.0,66.3
320.2,292.1,221.5,274.3,15395.0,592.9,4659.0,84.3
308.9,290.7,211.5,264.9,15669.2,377.6,4596.0,53.5
311.3,291.3,213.5,267.0,15322.4,423.5,4554.0,58.7
323.6,292.1,223.6,275.3,15433.6,654.6,4620.0,92.8
312.7,292.2,214.1,267.1,15397.5,441.6,4630.0,61.4
322.4,291.3,223.4,275.7,15578.3,644.2,4616.0,91.9
313.4,291.6,215.4,267.7,15779.0,462.8,4531.0,64.0
319.9,292.6,221.2,273.2,15320.4,577.2,4558.0,82.1
320.4,291.5,221.0,274.2,15326.6,610.3,4580.0,84.7
317.4,291.8,219.4,271.8,15556.6,545.5,4577.0,75.6
314.0,292.1,216.6,268.6,15502.3,462.1,4616.0,65.3
312.3,291.3,214.1,267.0,15677.0,437.0,4476.0,60.6
308.0,290.7,211.0,264.8,15487.6,370.7,4592.0,51.7
313.9,291.5,216.7,268.6,15346.1,462.6,4560.0,65.2
319.7,292.0,220.5,273.8,15488.6,582.7,4531.0,82.7
324.9,291.9,225.5,277.8,15566.3,673.9,4535.0,96.9
323.7,292.3,224.5,276.6,15523.1,672.2,4560.0,93.6
321.7,292.2,223.4,274.7,15476.1,617.6,4390.0,88.3
322.8,292.8,223.3,275.1,15560.0,640.2,4533.0,89.4
319.9,291.9,221.0,273.4,15575.4,593.0,4524.0,83.2
312.1,290.8,214.5,267.8,15607.3,454.8,4593.0,63.0
324.1,291.7,224.9,277.2,15497.3,678.9,4525.0,95.4
320.2,292.4,220.9,274.0,15374.9,594.5,4553.0,83.5
318.7,292.1,219.6,272.1,15422.0,563.6,4640.0,78.0
310.3,291.2,212.3,265.8,15581.0,399.0,4611.0,55.5
315.6,291.4,217.2,270.6,15277.5,519.6,4605.0,72.4
317.5,292.6,218.5,270.5,15455.3,525.5,4534.0,73.0
323.7,291.9,224.2,276.1,15341.0,652.3,4585.0,93.2
318.5,291.9,218.9,271.3,15404.3,558.8,4545.0,77.3
314.8,291.3,216.7,269.3,15591.8,497.7,4546.0,69.0
325.8,292.4,226.2,278.3,15428.7,696.7,4575.0,98.8
310.4,291.7,211.8,265.5,15407.0,395.7,4523.0,55.5
316.2,292.5,217.5,270.1,15196.0,508.3,4626.0,71.1
309.3,291.8,211.0,265.0,15511.9,371.8,4543.0,52.1
321.8,292.3,223.1,274.9,15496.8,624.9,4580.0,87.0
324.4,291.9,225.4,276.8,15724.5,699.4,4621.0,95.9
312.8,291.3,215.0,268.6,15353.8,464.5,4598.0,64.0
323.6,292.6,224.0,276.8,15432.9,652.2,4475.0,92.9
313.7,291.9,215.3,267.9,15437.4,466.0,4567.0,64.6
324.3,291.8,225.3,276.8,15636.6,695.8,4586.0,95.5
322.1,292.2,222.6,275.4,15385.7,630.4,4587.0,87.7
323.2,292.3,223.3,275.6,15441.9,655.1,4485.0,90.2
307.9,290.9,211.1,263.6,15491.2,374.2,4507.0,50.9
324.9,291.9,225.7,277.3,15428.0,711.8,4588.0,98.1
321.0,292.0,222.1,274.4,15333.0,619.4,4499.0,86.3
313.6,291.6,214.7,268.1,15429.1,473.3,4521.0,65.2
322.7,292.2,224.2,275.8,15561.0,655.3,4614.0,91.5
313.7,291.9,215.3,268.2,15246.0,458.3,4531.0,64.1
323.9,292.6,224.2,277.2,15419.9,666.2,4496.0,93.6
310.0,291.2,213.3,265.7,15295.0,406.4,4487.0,55.6
319.9,291.0,221.9,274.6,15579.3,602.1,4547.0,85.2
317.1,291.2,218.9,272.4,15171.5,562.6,4462.0,77.0
309.9,291.5,212.6,266.1,15316.2,394.8,4515.0,54.8
311.3,290.4,214.7,267.7,15456.6,435.3,4543.0,62.1
308.7,291.6,211.1,263.6,15634.8,363.8,4590.0,50.6
316.4,291.5,218.0,271.0,15390.1,509.7,4557.0,73.4
315.0,293.8,215.7,268.9,15316.7,469.3,4487.0,65.1
319.9,293.3,220.1,272.7,15682.2,578.5,4581.0,79.9
313.3,291.6,215.7,269.1,15182.8,459.9,4506.0,64.9
313.3,291.4,214.7,268.8,15070.2,465.5,4457.0,65.0
321.9,292.7,222.3,275.0,15466.0,640.2,4509.0,87.2
309.7,292.2,212.2,265.3,15324.7,372.1,4589.0,52.4
323.4,291.3,224.7,277.2,15246.8,670.2,4524.0,95.1
322.4,291.1,223.9,275.3,15506.3,675.9,4515.0,92.6
319.7,291.5,221.1,273.5,15436.6,612.6,4595.0,83.4
319.0,291.1,219.6,273.1,15315.4,569.6,4441.0,79.7
324.3,292.4,223.9,276.5,15208.0,686.1,4447.0,94.6
311.9,291.7,213.6,266.7,15530.9,431.7,4429.0,59.3
308.8,291.1,212.0,264.9,15497.5,381.7,4527.0,53.9
311.2,290.2,214.5,268.3,15385.1,440.1,4516.0,62.0
322.7,292.0,223.2,276.2,15677.0,652.6,4583.0,89.7
308.2,290.7,211.3,264.3,15239.5,378.6,4517.0,51.7
317.5,290.4,220.3,272.5,15171.2,570.3,4483.0,79.1
326.0,292.4,226.4,278.1,15296.2,704.6,4503.0,99.8
323.8,292.5,224.0,276.6,15393.2,681.8,4507.0,92.8
317.3,291.9,218.9,271.8,15436.5,539.9,4416.0,76.1
308.9,290.7,212.0,265.4,15363.8,378.5,4634.0,53.2
322.9,291.9,224.4,276.1,15452.8,657.9,4524.0,91.6
318.6,291.2,219.9,273.9,15212.3,584.1,4507.0,79.9
309.4,290.8,212.6,265.4,15616.6,403.3,4526.0,55.7
309.3,291.0,212.4,264.8,15387.7,393.3,4530.0,54.7
324.6,292.5,224.7,277.0,15567.6,687.1,4486.0,95.5
320.2,292.0,221.3,273.1,15451.4,597.1,4460.0,83.5
323.0,292.2,223.2,275.4,15468.5,659.1,4520.0,91.5
323.3,292.1,223.9,276.3,15485.5,648.0,4509.0,93.9
318.2,291.6,219.9,272.0,15467.2,559.6,4448.0,78.6
316.2,290.6,218.7,271.2,15496.4,544.3,4558.0,75.9
315.8,291.3,217.6,270.5,15599.4,503.1,4500.0,71.5
314.4,291.9,215.7,268.5,15429.5,473.4,4521.0,65.8
315.1,290.9,217.2,270.3,15506.4,511.4,4553.0,71.7
321.6,292.0,222.9,275.5,15386.5,649.7,4483.0,88.7
319.0,291.8,219.7,272.4,15616.0,585.3,4497.0,80.1
324.7,292.6,225.4,276.8,15298.5,672.2,4520.0,94.6
315.8,291.2,217.2,270.6,15670.1,514.9,4442.0,72.2
318.6,291.3,220.2,272.0,15394.0,573.9,4480.0,80.4
318.4,290.9,220.3,272.2,15185.4,579.5,4482.0,81.6
318.7,291.4,220.3,272.7,15419.2,570.6,4427.0,79.6
321.7,293.3,221.7,274.4,15297.8,602.2,4590.0,85.1
312.4,291.3,214.3,268.4,15526.1,435.4,4402.0,61.9
317.2,291.9,219.2,271.5,15302.1,545.4,4406.0,75.6
310.0,291.0,212.4,266.0,15333.1,398.2,4536.0,55.2
314.9,291.7,217.0,269.6,15116.6,489.4,4504.0,69.2
316.4,291.4,218.0,271.2,15332.2,538.5,4416.0,74.4
320.2,292.3,220.5,274.1,15036.4,585.5,4497.0,82.6
325.2,292.0,225.8,276.8,15162.4,699.8,4539.0,97.5
318.8,291.8,220.1,272.9,15514.1,578.8,4463.0,80.0
320.9,291.1,222.7,275.6,15517.9,623.0,4593.0,87.2
317.8,292.2,218.7,271.5,15463.8,541.9,4375.0,75.3
319.7,292.4,220.8,273.9,15255.0,580.0,4495.0,81.7
309.0,291.1,211.2,265.0,15392.8,381.8,4518.0,53.5
313.1,291.9,215.5,267.8,15399.5,447.2,4503.0,62.7
314.3,291.0,216.4,269.4,15226.2,481.8,4447.0,68.1
316.1,291.4,218.5,270.0,15625.5,525.1,4441.0,73.6
308.4,290.8,211.1,264.4,15531.6,365.7,4477.0,52.3
309.6,289.7,213.1,265.7,15366.9,404.8,4494.0,57.0
313.2,291.9,214.6,268.5,15404.0,454.6,4482.0,63.8
324.6,291.2,226.2,278.3,15431.3,702.3,4503.0,98.6
313.4,291.2,215.8,269.0,15093.7,474.3,4399.0,66.6
315.6,290.3,218.4,271.4,15362.9,529.4,4437.0,74.1
311.5,290.3,214.1,266.9,15297.7,430.5,4400.0,59.8
318.9,291.8,219.9,273.4,15249.8,582.9,4427.0,80.5
312.9,291.3,214.9,268.2,15357.8,453.7,4496.0,64.0
311.2,290.3,214.2,267.2,15669.7,424.2,4449.0,60.3
316.7,290.8,219.7,271.4,15496.1,534.3,4573.0,75.8
308.3,292.2,210.8,264.6,15314.3,357.0,4451.0,50.3
307.9,290.7,211.1,264.1,15485.9,358.5,4443.0,50.4
